{
  "id": "us-sample",
  "coverage": { "country": "US" },
  "source": {
    "name": "Sample US Recycling Facilities",
    "url": "https://isthisrecyclable.com",
    "license": "Sample data for demonstration"
  },
  "facilities": [
    {"id":"orl-hazwaste","name":"Orange County Hazardous Waste Facility","category":"hazardous_waste","address":{"street":"5901 Young Pine Rd","city":"Orlando","region":"FL","postalCode":"32829","country":"US"},"coordinates":{"lat":28.5105,"lng":-81.3050},"acceptedMaterials":["batteries","paint","motor oil","pesticides","propane tanks","fluorescent bulbs","electronics","chemicals"],"hours":"Tue-Sat 8am-5pm","phone":"407-836-6601","website":"https://www.ocfl.net/EnvironmentWater/HazardousWaste.aspx","lastVerified":"2026-02-01"},
    {"id":"orl-solidwaste","name":"City of Orlando Solid Waste Division","category":"dropoff","address":{"street":"1028 Woods Ave","city":"Orlando","region":"FL","postalCode":"32805","country":"US"},"coordinates":{"lat":28.5280,"lng":-81.4010},"acceptedMaterials":["bulk items","yard waste","appliances"],"hours":"Mon-Fri 7:30am-4pm","phone":"407-246-2314","website":"https://www.orlando.gov/Trash-Recycling","lastVerified":"2026-02-01"},
    {"id":"orl-glass-publix-mills","name":"Glass Recycling - Publix at The Marketplace","category":"recycling_center","address":{"street":"4601 S Semoran Blvd","city":"Orlando","region":"FL","postalCode":"32822","country":"US"},"coordinates":{"lat":28.4950,"lng":-81.3100},"acceptedMaterials":["glass bottles","glass jars"],"hours":"24/7 outdoor igloo","notes":"Green igloo container in parking lot"},
    {"id":"orl-bestbuy-ewaste","name":"Best Buy - Orlando Millenia","category":"electronics","address":{"street":"4601 Millenia Plaza Way","city":"Orlando","region":"FL","postalCode":"32839","country":"US"},"coordinates":{"lat":28.4850,"lng":-81.4300},"acceptedMaterials":["electronics","computers","phones","tablets","cables","chargers","printers","TVs under 32 inches"],"hours":"Mon-Sat 10am-9pm, Sun 11am-7pm","phone":"407-226-9986","website":"https://www.bestbuy.com/recycling"},
    {"id":"atx-resource-recovery","name":"Austin Resource Recovery Drop-off Center","category":"recycling_center","address":{"street":"2514 Business Center Dr","city":"Austin","region":"TX","postalCode":"78744","country":"US"},"coordinates":{"lat":30.2150,"lng":-97.7380},"acceptedMaterials":["glass bottles","electronics","batteries","paint","motor oil","tires","cooking oil","bulk items","propane tanks","fluorescent bulbs"],"hours":"Mon-Sat 9am-5pm","phone":"512-974-4343","website":"https://www.austintexas.gov/dropoff","lastVerified":"2026-02-01"},
    {"id":"atx-hazwaste","name":"Austin Household Hazardous Waste Facility","category":"hazardous_waste","address":{"street":"2514 Business Center Dr","city":"Austin","region":"TX","postalCode":"78744","country":"US"},"coordinates":{"lat":30.2152,"lng":-97.7382},"acceptedMaterials":["batteries","paint","pesticides","chemicals","motor oil","propane tanks","fluorescent bulbs","medications"],"hours":"Fri-Sat 9am-5pm","phone":"512-974-4343"},
    {"id":"atx-goodwill","name":"Goodwill - South Austin","category":"textiles","address":{"street":"2100 S Congress Ave","city":"Austin","region":"TX","postalCode":"78704","country":"US"},"coordinates":{"lat":30.2430,"lng":-97.7490},"acceptedMaterials":["clothing","shoes","textiles","household goods","electronics","books"],"hours":"Mon-Sat 10am-8pm, Sun 12pm-6pm","phone":"512-637-7100"},
    {"id":"sea-north-transfer","name":"North Transfer Station","category":"recycling_center","address":{"street":"1350 N 34th St","city":"Seattle","region":"WA","postalCode":"98103","country":"US"},"coordinates":{"lat":47.6510,"lng":-122.3530},"acceptedMaterials":["styrofoam","electronics","batteries","paint","bulk items","mattresses","tires","fluorescent bulbs","yard waste"],"hours":"Mon-Sun 8am-5:30pm","phone":"206-684-8400","website":"https://www.seattle.gov/utilities/your-services/collection-and-disposal/transfer-stations"},
    {"id":"sea-south-transfer","name":"South Transfer Station","category":"recycling_center","address":{"street":"130 S Kenyon St","city":"Seattle","region":"WA","postalCode":"98108","country":"US"},"coordinates":{"lat":47.5340,"lng":-122.3270},"acceptedMaterials":["styrofoam","electronics","batteries","paint","bulk items","mattresses","tires","fluorescent bulbs","yard waste"],"hours":"Mon-Sun 8am-5:30pm","phone":"206-684-8400"},
    {"id":"sea-bestbuy-ewaste","name":"Best Buy - Northgate Seattle","category":"electronics","address":{"street":"302 NE Northgate Way","city":"Seattle","region":"WA","postalCode":"98125","country":"US"},"coordinates":{"lat":47.7080,"lng":-122.3250},"acceptedMaterials":["electronics","computers","phones","tablets","cables","TVs under 32 inches"],"hours":"Mon-Sat 10am-9pm, Sun 11am-7pm"},
    {"id":"nyc-dsny-special","name":"DSNY Special Waste Drop-off","category":"hazardous_waste","address":{"street":"Various locations","city":"New York","region":"NY","postalCode":"10001","country":"US"},"coordinates":{"lat":40.7500,"lng":-73.9970},"acceptedMaterials":["batteries","paint","motor oil","propane tanks","fluorescent bulbs","chemicals","pesticides"],"phone":"311","website":"https://www.nyc.gov/safedisposal","notes":"Multiple locations citywide, call 311 for nearest"},
    {"id":"nyc-les-ecology","name":"Lower East Side Ecology Center","category":"electronics","address":{"street":"469 President St","city":"Brooklyn","region":"NY","postalCode":"11215","country":"US"},"coordinates":{"lat":40.6790,"lng":-73.9790},"acceptedMaterials":["electronics","computers","phones","printers","cables","small appliances"],"hours":"Sat 10am-4pm","website":"https://www.lesecologycenter.org","notes":"Free e-waste recycling events"},
    {"id":"nyc-grownyc-textiles","name":"GrowNYC Textile Recycling","category":"textiles","address":{"street":"Union Square Greenmarket","city":"New York","region":"NY","postalCode":"10003","country":"US"},"coordinates":{"lat":40.7359,"lng":-73.9906},"acceptedMaterials":["clothing","shoes","textiles","linens","bags"],"hours":"Mon, Wed, Fri, Sat 8am-6pm","website":"https://www.grownyc.org","notes":"At various greenmarket locations"},
    {"id":"nyc-staples-ink","name":"Staples - Midtown Manhattan","category":"other","address":{"street":"699 6th Ave","city":"New York","region":"NY","postalCode":"10010","country":"US"},"coordinates":{"lat":40.7420,"lng":-73.9930},"acceptedMaterials":["ink cartridges","toner cartridges","batteries"],"hours":"Mon-Fri 8am-9pm, Sat 9am-9pm, Sun 10am-6pm"},
    {"id":"chi-hh-collection","name":"Chicago Household Chemicals & Computer Recycling","category":"hazardous_waste","address":{"street":"1150 N North Branch St","city":"Chicago","region":"IL","postalCode":"60642","country":"US"},"coordinates":{"lat":41.9030,"lng":-87.6560},"acceptedMaterials":["batteries","paint","motor oil","electronics","computers","TVs","pesticides","chemicals","fluorescent bulbs","medications"],"hours":"Tue 7am-12pm, Thu 2pm-7pm, 1st Sat of month 8am-3pm","phone":"312-744-7672","website":"https://www.chicago.gov/hhw"},
    {"id":"den-chrc","name":"Denver Community Recycling Center","category":"recycling_center","address":{"street":"5150 W 48th Ave","city":"Denver","region":"CO","postalCode":"80212","country":"US"},"coordinates":{"lat":39.7820,"lng":-105.0460},"acceptedMaterials":["glass bottles","electronics","scrap metal","plastic bags","styrofoam","cardboard","hard-to-recycle items"],"hours":"Thu-Mon 9am-3pm","phone":"720-865-2500","notes":"Free for Denver residents"},
    {"id":"sf-recology","name":"Recology SF Transfer Station","category":"recycling_center","address":{"street":"501 Tunnel Ave","city":"San Francisco","region":"CA","postalCode":"94134","country":"US"},"coordinates":{"lat":37.7120,"lng":-122.3930},"acceptedMaterials":["recycling","compost","construction debris","electronics","mattresses","bulk items","hazardous waste"],"hours":"Mon-Sat 7am-5pm","phone":"415-330-1300","website":"https://www.recology.com"},
    {"id":"la-hyperion","name":"S.A.F.E. Collection Center - Hyperion","category":"hazardous_waste","address":{"street":"7660 W Imperial Hwy","city":"Los Angeles","region":"CA","postalCode":"90293","country":"US"},"coordinates":{"lat":33.9280,"lng":-118.4160},"acceptedMaterials":["batteries","paint","motor oil","electronics","fluorescent bulbs","medications","propane tanks","chemicals"],"hours":"Sat-Sun 9am-3pm","phone":"800-988-6942","website":"https://www.lacitysan.org/safe-centers"},
    {"id":"gen-homedepot","name":"Home Depot (Most Locations)","category":"other","address":{"street":"Nationwide","city":"Various","region":"US","postalCode":"00000","country":"US"},"coordinates":{"lat":39.8283,"lng":-98.5795},"acceptedMaterials":["CFL bulbs","rechargeable batteries","plastic bags"],"website":"https://www.homedepot.com/c/ab/recycling","notes":"Most Home Depot locations accept CFL bulbs, rechargeable batteries, and plastic bags at the front of the store"},
    {"id":"gen-lowes","name":"Lowe's (Most Locations)","category":"other","address":{"street":"Nationwide","city":"Various","region":"US","postalCode":"00000","country":"US"},"coordinates":{"lat":39.8283,"lng":-98.5795},"acceptedMaterials":["CFL bulbs","rechargeable batteries","plastic bags"],"website":"https://www.lowes.com/l/shop/recycling","notes":"Most Lowe's locations accept CFL bulbs and rechargeable batteries"},
    {"id":"gen-bestbuy","name":"Best Buy (All Locations)","category":"electronics","address":{"street":"Nationwide","city":"Various","region":"US","postalCode":"00000","country":"US"},"coordinates":{"lat":39.8283,"lng":-98.5795},"acceptedMaterials":["electronics","computers","phones","tablets","cables","chargers","ink cartridges","batteries","TVs under 32 inches"],"website":"https://www.bestbuy.com/recycling","notes":"All Best Buy stores accept electronics for free recycling. TVs over 32\" have a fee."}
  ]
}
